{"cameraMode":{"drawMode":0,"name":"Shaded","section":"Shading Mode"},"sceneLighting":false,"audioPlay":false,"sceneViewState":{"m_AlwaysRefresh":false,"showFog":true,"showSkybox":true,"showFlares":true,"showImageEffects":true,"showParticleSystems":true,"showVisualEffectGraphs":true,"m_FxEnabled":true},"in2DMode":false,"pivot":{"x":-153.18429565429688,"y":48.4410400390625,"z":280.90142822265627},"rotation":{"x":0.039065077900886539,"y":0.16323912143707276,"z":0.006449040956795216,"w":-0.9858220815658569},"size":181.61666870117188,"orthographic":false}