{"cameraMode":{"drawMode":0,"name":"Shaded","section":"Shading Mode"},"sceneLighting":true,"audioPlay":false,"sceneViewState":{"m_AlwaysRefresh":false,"showFog":true,"showSkybox":true,"showFlares":true,"showImageEffects":true,"showParticleSystems":true,"showVisualEffectGraphs":true,"m_FxEnabled":true},"in2DMode":false,"pivot":{"x":24.82799530029297,"y":13.782646179199219,"z":-140.28941345214845},"rotation":{"x":-0.009349396452307701,"y":-0.3175191283226013,"z":0.003245264757424593,"w":-0.9482684135437012},"size":8.852084159851075,"orthographic":false}