{"cameraMode":{"drawMode":0,"name":"Shaded","section":"Shading Mode"},"sceneLighting":true,"audioPlay":false,"sceneViewState":{"m_AlwaysRefresh":false,"showFog":true,"showSkybox":true,"showFlares":true,"showImageEffects":true,"showParticleSystems":true,"showVisualEffectGraphs":true,"m_FxEnabled":true},"in2DMode":false,"pivot":{"x":-99.82182312011719,"y":-120.72352600097656,"z":-123.03158569335938},"rotation":{"x":0.18188923597335816,"y":-0.8074241876602173,"z":0.31386223435401919,"w":0.46596577763557436},"size":213.7899169921875,"orthographic":false}