{"cameraMode":{"drawMode":0,"name":"Shaded","section":"Shading Mode"},"sceneLighting":true,"audioPlay":false,"sceneViewState":{"m_AlwaysRefresh":false,"showFog":true,"showSkybox":true,"showFlares":true,"showImageEffects":true,"showParticleSystems":true,"showVisualEffectGraphs":true,"m_FxEnabled":true},"in2DMode":false,"pivot":{"x":23.647069931030275,"y":16.850196838378908,"z":16.406869888305665},"rotation":{"x":0.08644089847803116,"y":0.15388037264347077,"z":0.013522738590836525,"w":-0.9842252135276794},"size":4.603148460388184,"orthographic":false}