{"cameraMode":{"drawMode":0,"name":"Shaded","section":"Shading Mode"},"sceneLighting":true,"audioPlay":false,"sceneViewState":{"m_AlwaysRefresh":false,"showFog":true,"showSkybox":true,"showFlares":true,"showImageEffects":true,"showParticleSystems":true,"showVisualEffectGraphs":true,"m_FxEnabled":true},"in2DMode":false,"pivot":{"x":127.81681060791016,"y":3.941652774810791,"z":-37.844173431396487},"rotation":{"x":-0.0065587046556174759,"y":-0.9874950051307678,"z":0.15166817605495454,"w":-0.04268946498632431},"size":8.227170944213868,"orthographic":false}