{"cameraMode":{"drawMode":0,"name":"Shaded","section":"Shading Mode"},"sceneLighting":true,"audioPlay":false,"sceneViewState":{"m_AlwaysRefresh":false,"showFog":true,"showSkybox":true,"showFlares":true,"showImageEffects":true,"showParticleSystems":true,"showVisualEffectGraphs":true,"m_FxEnabled":true},"in2DMode":false,"pivot":{"x":62.961299896240237,"y":26.691173553466798,"z":20.78376007080078},"rotation":{"x":0.12411818653345108,"y":-0.8386109471321106,"z":0.21458040177822114,"w":0.4850783050060272},"size":3.509758710861206,"orthographic":false}