{"cameraMode":{"drawMode":0,"name":"Shaded","section":"Shading Mode"},"sceneLighting":true,"audioPlay":false,"sceneViewState":{"m_AlwaysRefresh":false,"showFog":true,"showSkybox":false,"showFlares":true,"showImageEffects":true,"showParticleSystems":true,"showVisualEffectGraphs":true,"m_FxEnabled":true},"in2DMode":false,"pivot":{"x":125.3020248413086,"y":5.204743385314941,"z":-53.63350296020508},"rotation":{"x":0.09794746339321137,"y":-0.13333819806575776,"z":0.013243459165096283,"w":0.9861328601837158},"size":6.408958911895752,"orthographic":true}