{"cameraMode":{"drawMode":0,"name":"Shaded","section":"Shading Mode"},"sceneLighting":true,"audioPlay":false,"sceneViewState":{"m_AlwaysRefresh":false,"showFog":true,"showSkybox":false,"showFlares":true,"showImageEffects":true,"showParticleSystems":true,"showVisualEffectGraphs":true,"m_FxEnabled":true},"in2DMode":false,"pivot":{"x":-22.299999237060548,"y":12.988876342773438,"z":-22.700000762939454},"rotation":{"x":-0.19060714542865754,"y":-0.3043694496154785,"z":0.062299177050590518,"w":-0.9312103390693665},"size":13.474857330322266,"orthographic":false}